Id,Name,UTCLastUpdated
33,Inventory Receipts w/ Expected Arrivals,2019-12-23T21:11:00
35,Unconfirmed Pull Manifest - Summary,2019-12-23T21:11:00
37,Unconfirmed Pull Manifest - Detail,2019-12-23T21:11:00
50,Unit Billing,2020-11-27T13:46:56.093
51,Unit Details with Current Balance,2022-03-22T11:33:10.667
56,Pull Manifest report,2025-07-01T14:30:04.473
59,Open Orders,2021-07-12T11:44:26.253
62,Picking Activity,2021-07-22T08:31:00
66,Unit Report,2022-12-28T19:09:47.547
67,Picking Exceptions,2021-08-25T08:31:00
69,FOX Inventory Detail,2021-10-27T11:43:45.953
70,Eveo inventory Detail,2021-09-22T15:00:04.067
71,Celor - CUS287 Inventory Detail,2021-09-22T15:00:21.29
73,Effective Plan inventory Detail,2022-03-23T15:42:58.487
74,PEMCOR Report,2021-10-22T15:10:03.56
75,HUMANX Report,2021-10-22T17:00:22.137
77,UnshippedByWave,2022-12-22T18:44:57.753
78,Vanilla Chip,2022-02-02T16:17:53.133
79,WarehouseLocations,2022-12-26T16:12:43.367
80,pull,2022-03-30T13:00:53.823
81,test,2022-04-04T13:10:03.277
83,Seattle Cell Market Inventory Report,2022-06-14T14:55:07.963
84,Product List,2022-08-12T14:05:01.757
85,Dalstrong,2022-11-01T11:16:52.15
88,Locations,2023-11-28T16:53:52.053
90,Packages Shipped,2025-07-01T14:11:14.693
95,Packing Activity,2023-04-20T08:30:38.12
103,Locations2,2023-11-03T15:56:26.507
104,Warehouse Locations - 2,2023-11-06T11:46:41.133
106,resideo_receiving_report,2023-11-17T16:09:29.747
109,123,2023-11-21T17:16:49.813
111,upcs,2023-11-28T17:27:55.28
112,expected arrivals,2023-11-30T16:01:55.89
113,unshipped pick slips,2023-12-05T19:13:51.17
116,3PL Daily Locations Qty Report,2023-12-12T14:33:06.34
117,Freedom Moses Inventory Detail,2023-12-01T12:22:09.167
121,Unit ID Report,2023-12-05T14:40:23.933
122,Warehouse Inventory Detail,2023-12-05T17:41:23.033
125,upc product report,2023-12-08T18:41:52.32
129,Orel Boaz Inventory Report,2023-12-18T17:16:56.96
130,Orel Boaz Inventory,2023-12-26T11:34:47.63
131,icl_orders,2023-12-26T19:40:57.873
132,resideo_receiving_report2,2023-12-29T16:07:58.623
133,resideo_receiving,2023-12-29T16:16:27.957
134,test,2023-12-29T19:36:45.397
135,Resideo - PI,2024-01-19T14:34:12.937
139,RedAllegory_ShipmentReport,2024-03-08T15:20:13.55
141,expect_arrival_delete_wms,2024-05-17T18:00:29.54
142,Invetech Daily Unit Balance,2024-07-09T14:19:36.787
143,PRODUCT_REPORT_TEST,2024-08-09T18:08:22.127
144,Product_summary_upc,2024-08-16T17:47:08.607
145,Categories Report,2024-08-21T17:11:13.123
149,open_orders_resideo_test,2024-08-23T14:01:31.12
150,Product UOM Report,2024-08-30T14:08:51.51
151,Report - UOM,2024-08-30T16:08:38.74
152,test2,2024-08-30T16:58:28.71
153,Unit Details (by owner) with Current Balance,2024-09-05T12:05:57.843
154,Units Balances by Locations,2024-09-05T13:50:39.493
155,Freedom Moses - Daily Locations,2024-09-10T13:16:23.29
156,Unit Billing Goat Bikes,2024-09-16T14:07:39.857
157,Unit Details w Current Balance Goat Bikes,2024-09-16T14:08:53.343
158,master pack,2024-09-25T15:40:49.143
159,cus320_upc,2024-10-22T17:37:35.767
161,Rooms & More Inc Inv Detail,2024-11-29T12:45:18.787
162,shipped_orders_report,2024-12-06T16:47:48.24
167,Freedom_Moses_Inventory,2025-03-11T12:12:19.353
168,shippingOrdersAnabella,2025-05-08T13:12:35.637
169,ShippingAnabellaMigration,2025-05-08T13:21:27.39
170,pick slip report,2025-05-23T12:27:23.31
172,Shipping Report,2025-06-24T18:23:02.6
173,new_test_shipping,2025-06-30T18:52:01.537
