Order ID,Pick Slip ID,Product ID,Product Description,Date/Time Returned,Return Line Qty Returned,Return Line Disposition
109007561817051,331178,PL-POP-MRMRS-RCT-SM-50,"""Mr. and Mrs."" StatementWare Disposable Birthday Party Plates (50-Pack, 7.5"" x 5.5"")",04/02/2025 14:26:00,1,Return to Stock
978,335665,KA02,Sourdough Starter Jar,05/08/2025 15:11:00,1,Return to Stock
838,314358,KA06TS,KneadAce PRO Thermometer stickers-  set of 3,02/12/2025 14:33:00,1,Return to Stock
942,333763,KA06TS,KneadAce PRO Thermometer stickers-  set of 3,05/01/2025 12:08:00,1,Return to Stock
942,333763,KA06ACC,KneadAce PRO 34Oz starter jar accessories kit,05/01/2025 12:08:00,1,Return to Stock
#1106,285575,NP-ST-10-DO,"Notpaper™ Towels Strawberry Fields 10 Count, Online

ASIN: B0DB3C2DQC",12/05/2024 15:14:00,2,Return to Stock
#1106,285575,NP-PW-10-DO,"Notpaper™ Towels Periwinkle Wings 10 Count, Online

ASIN: B0DB38K6K1",12/05/2024 15:14:00,1,Return to Stock
3722,329801,Replacement Throttle,Old MG and New Bike Throttles,03/25/2025 11:37:00,1,Return to Stock
A44498,285129,85-00081,CARVIN LOGO,12/05/2024 15:10:00,1,Return to Stock
A46252,364845,SCx12ARM,Replacement Module for SCx12A,11/18/2025 16:04:00,1,Return to Stock
A45879,346294,WM5,Wireless Microphone System,10/15/2025 15:23:00,1,Return to Stock
A44555,286038,X1,All Tube Preamp Pedal with 12Ax7 Tubes,01/17/2025 10:26:00,1,Return to Stock
A46101,352474,WG6,WIRELESS GUITAR/BASS SYSTEM,11/04/2025 11:04:00,1,Return to Stock
1312,324248,Assembly:Bedding:dcorvbkgcb,Orkney Duvet Cover - Vintage Blue / King / Coconut Buttons,06/06/2025 11:33:00,1,Return to Stock
#117284,288743,Assembly:Bedding:saorchkgcb,Orkney Sham - charcoal / king / coconut buttons,06/04/2025 09:28:00,2,Return to Stock
#118910,314392,Assembly:Bedding:saorvbstzp,Orkney Sham - vintage blue / standard / zippers,06/03/2025 11:42:00,2,Return to Stock
#123320,337810,Assembly:Kitchen & Table - Assembly:ttorwh,Orkney Tea Towel - white,09/16/2025 10:55:00,1,Return to Stock
#122200,335477,Assembly:Clothing - Assembly:tboreu,Orkney Tote Bag eucalyptus/forest,06/04/2025 10:50:00,1,Return to Stock
#114379,283757,Assembly:Bedding:shsmnttwsf,Smooth Fitted Sheet - natural / twin / Standard,06/04/2025 09:33:00,1,Return to Stock
#118905,314388,Assembly:Bedding:shsmwhkgdf,Smooth Fitted Sheet - pure white / king / Deep,06/03/2025 15:53:00,1,Return to Stock
#118771,308028,Assembly:Clothing - Assembly:rbsbfglg,St. Barts Linen Robe - fig - L,06/04/2025 10:22:00,1,Return to Stock
#119727,327421,Assembly:Clothing - Assembly:rbsbmxmd,St. Barts Linen Robe- mix/ m,06/04/2025 10:40:00,1,Return to Stock
#120449,329946,Assembly:Decor:crorch84,"Orkney Linen Curtain - charcoal / 65"" x 84""",06/03/2025 15:44:00,2,Return to Stock
#120205,328917,Assembly:Clothing - Assembly:rbsbmssm,St Barts Linen Robe- Moss- S,06/03/2025 11:22:00,1,Return to Stock
1337,327550,Assembly:Clothing - Assembly:rbsbfgmd,St Barts Linen Robe- Fig/ M,06/04/2025 10:29:00,1,Return to Stock
#119020,318733,Assembly:Kitchen & Table - Assembly:pnorocpe,"The Original Linen Pinafore - Apron - ochre / petite 
",06/03/2025 11:33:00,1,Return to Stock
1310,324163,Assembly:Bedding:shstorwhqust,Orkney Linen Sheet Set - off-white / queen / 1 standard fitted sheet + 1 flat sheet ,06/06/2025 11:28:00,1,Return to Stock
#141519,285135,FM-CHI-4445,CHAI-SLIDES-4445,01/23/2025 15:47:00,1,Return to Stock
#144492,335765,FM-SOL-3536,SOL-SLIDES-3536,05/07/2025 16:06:00,1,Return to Stock
#143159,330214,FM-HYDR-3839,HYDRA-SLIDES-3839,04/03/2025 16:00:00,1,Return to Stock
#144562,336055,FM-MAR-3637,MARLEY-SLIDES-3637,05/13/2025 10:57:00,1,Return to Stock
#144249,334833,FM-MAR-4344,MARLEY-SLIDES-4344,04/25/2025 11:13:00,1,Return to Stock
#142963,328749,FM-MOON-3637,MOON-SLIDES-3637,03/04/2025 15:56:00,1,Return to Stock
#144121,334389,FM-MOON-3738,MOON-SLIDES-3738,05/01/2025 12:14:00,1,Return to Stock
#143534,331919,FM-MOON-3839,MOON-SLIDES-3839,04/25/2025 11:15:00,1,Return to Stock
#141593,286372,FM-ANGIE-3940,ANGIE-SLIDES,12/09/2024 15:05:00,1,Return to Stock
#143208,330312,FM-ANGIE-4041,ANGIE-SLIDES,04/11/2025 10:49:00,1,Return to Stock
#143742,332882,FM-STONE-3536,STONE-SLIDES-3536,05/07/2025 15:58:00,1,Return to Stock
#143718,332849,FM-STONE-3637,STONE-SLIDES-3637,05/07/2025 16:03:00,1,Return to Stock
#142856,327428,FM-STONE-3839,STONE-SLIDES-3839,03/04/2025 16:04:00,1,Return to Stock
#143340,331022,FM-STONE-3839,STONE-SLIDES-3839,04/01/2025 16:14:00,1,Return to Stock
#143512,331937,FM-STONE-3839,STONE-SLIDES-3839,04/16/2025 15:10:00,1,Return to Stock
#144442,335485,FM-STONE-3839,STONE-SLIDES-3839,05/13/2025 11:42:00,1,Return to Stock
#141506,285071,FM-STONE-3940,STONE-SLIDES-3940,12/05/2024 15:11:00,1,Return to Stock
#142025,290763,FM-STONE-4243,STONE-SLIDES-4243,01/02/2025 14:34:00,1,Return to Stock
#142802,326795,FM-SMOKE-3536,SMOKE-SLIDES-3536,02/18/2025 14:39:00,1,Return to Stock
#144593,336124,FM-SMOKE-3637,SMOKE-SLIDES-3637,05/13/2025 12:05:00,1,Return to Stock
#144087,334230,FM-SMOKE-3738,SMOKE-SLIDES-3738,05/01/2025 14:57:00,1,Return to Stock
#142104,290098,FM-SMOKE-3839,SMOKE-SLIDES-3839,12/31/2024 11:00:00,1,Return to Stock
#144206,334797,FM-SMOKE-3839,SMOKE-SLIDES-3839,05/01/2025 12:33:00,1,Return to Stock
#142533,307231,FM-SAGE-3738,SAGE-SLIDES-3738,02/18/2025 14:32:00,1,Return to Stock
#141896,287860,FM-ROSA-3536,ROSA-SLIDES-3536,01/10/2025 09:33:00,1,Return to Stock
#142948,328764,FM-ROSA-3637,ROSA-SLIDES-3637,03/05/2025 11:19:00,1,Return to Stock
#142891,328015,FM-ROSA-3637,ROSA-SLIDES-3637,03/12/2025 09:58:00,1,Return to Stock
#144686,336409,FM-ROSA-3637,ROSA-SLIDES-3637,05/13/2025 10:35:00,1,Return to Stock
#144121,334389,FM-ROSA-3738,ROSA-SLIDES-3738,05/01/2025 12:14:00,1,Return to Stock
#142740,323031,FM-ROSA-3839,ROSA-SLIDES-3839,03/05/2025 11:23:00,1,Return to Stock
#143022,329042,FM-LUCY-3839,LUCY-SLIDES-3839,03/26/2025 10:47:00,1,Return to Stock
#143058,329499,FM-LUCY-3839,LUCY-SLIDES-3839,04/16/2025 15:16:00,1,Return to Stock
#141790,287901,FM-LUCY-3031,LUCY-SLIDES-3031,12/30/2024 15:39:00,1,Return to Stock
#143037,329244,FM-GLOW-3738,GLOW-SLIDES-3738,04/03/2025 15:46:00,1,Return to Stock
#143135,329988,FM-GLOW-3738,GLOW-SLIDES-3738,04/11/2025 10:36:00,1,Return to Stock
#143239,330576,FM-GLOW-3839,GLOW-SLIDES-3839,04/02/2025 14:33:00,1,Return to Stock
#142120,290315,FM-GLOW-3940,GLOW-SLIDES-3940,02/21/2025 11:28:00,1,Return to Stock
#144311,335158,FM-GLOW-4142,GLOW-SLIDES-4142,05/01/2025 12:26:00,1,Return to Stock
#143239,330576,FM-GLOW-2425,GLOW-SLIDES-2425,04/02/2025 14:33:00,1,Return to Stock
#143145,330052,FM-GLOW-3031,GLOW-SLIDES-3031,03/25/2025 10:07:00,1,Return to Stock
#144440,335497,FM-GLOW-3233,GLOW-SLIDES-3233,05/13/2025 11:40:00,1,Return to Stock
#144792,336820,FM-ALICE-3839,ALICE-SLIDES-3839,05/13/2025 12:12:00,1,Return to Stock
#142930,328559,FM-WILDSNDS-3435,WILDCAT-SANDS-SLIDES-3435,03/07/2025 10:32:00,1,Return to Stock
#143758,332864,FM-WILDSNDS-3536,WILDCAT-SANDS-SLIDES-3536,04/16/2025 15:23:00,1,Return to Stock
#144938,337313,FM-WILDSNDS-3637,WILDCAT-SANDS-SLIDES-3637,05/13/2025 11:10:00,1,Return to Stock
#142927,328561,FM-WILDSNDS-3738,WILDCAT-SANDS-SLIDES-3738,03/12/2025 09:56:00,1,Return to Stock
#141602,286670,FM-WILDSNDS-3738,WILDCAT-SANDS-SLIDES-3738,03/12/2025 15:22:00,1,Return to Stock
#143135,329988,FM-WILDSNDS-3738,WILDCAT-SANDS-SLIDES-3738,04/11/2025 10:36:00,1,Return to Stock
#142411,306692,FM-LEOCAM-3738,LEO-CAMEL-SLIDES-3738,01/10/2025 14:50:00,1,Return to Stock
#141761,287924,FM-LEOCAM-3839,LEO-CAMEL-SLIDES-3839,12/30/2024 15:35:00,1,Return to Stock
#143479,331727,FM-LEOCAM-3839,LEO-CAMEL-SLIDES-3839,04/08/2025 15:19:00,1,Return to Stock
#143275,330803,FM-LEOCAM-3940,LEO-CAMEL-SLIDES-3940,04/03/2025 15:58:00,1,Return to Stock
#143516,331941,FM-LEOCAM-4041,LEO-CAMEL-SLIDES-4041,05/13/2025 12:19:00,1,Return to Stock
#141558,285834,FM-LEOCAM-3031,LEO-CAMEL-SLIDES-3031,12/10/2024 11:13:00,1,Return to Stock
#142930,328559,FM-LEOCAM-3031,LEO-CAMEL-SLIDES-3031,03/07/2025 10:32:00,1,Return to Stock
#142556,307720,FM-LEOCAM-3233,LEO-CAMEL-SLIDES-3233,02/13/2025 11:06:00,1,Return to Stock
#143704,332620,FM-ISLA-3536,ISLA-SLIDES-3536,04/25/2025 11:10:00,1,Return to Stock
#143977,333828,FM-ISLA-3637,ISLA-SLIDES-3637,04/23/2025 10:59:00,1,Return to Stock
#142831,327269,FM-ISLA-3738,ISLA-SLIDES-3738,02/26/2025 10:38:00,1,Return to Stock
#142352,306402,FM-ISLA-3839,ISLA-SLIDES-3839,02/18/2025 14:59:00,1,Return to Stock
#142740,323031,FM-ISLA-3839,ISLA-SLIDES-3839,03/05/2025 11:23:00,1,Return to Stock
#144037,333886,FM-CAC-3738,CACTUS-SLIDES-3738,04/16/2025 15:18:00,1,Return to Stock
#142445,306800,FM-CAC-3940,CACTUS-SLIDES-3940,01/23/2025 15:42:00,1,Return to Stock
#142228,301981,FM-CAC-4041,CACTUS-SLIDES-4041,01/10/2025 09:30:00,1,Return to Stock
#143092,329534,FM-CAC-4243,CACTUS-SLIDES-4243,03/12/2025 09:54:00,1,Return to Stock
#143494,331718,FM-CAC-4344,CACTUS-SLIDES-4344,04/11/2025 11:22:00,1,Return to Stock
#143058,329499,FM-CAC-4344,CACTUS-SLIDES-4344,04/16/2025 15:16:00,1,Return to Stock
#144562,336055,FM-CAC-3031,CACTUS-SLIDES-3031,05/13/2025 10:57:00,1,Return to Stock
#144247,334831,FM-HAPPY-3940,HAPPY-SLIDES-3940,05/02/2025 15:21:00,1,Return to Stock
#143485,331711,FM-CAMEL-3536,CAMEL-SLIDES-3536,04/11/2025 10:55:00,1,Return to Stock
#141615,287203,FM-CAMEL-3637,CAMEL-SLIDES-3637,12/30/2024 15:38:00,1,Return to Stock
#142849,327252,FM-CAMEL-3637,CAMEL-SLIDES-3637,02/25/2025 14:59:00,1,Return to Stock
#143571,331869,FM-CAMEL-3738,CAMEL-SLIDES-3738,04/11/2025 10:56:00,1,Return to Stock
#143514,331939,FM-CAMEL-3738,CAMEL-SLIDES-3738,04/11/2025 11:39:00,1,Return to Stock
#141513,285147,FM-CAMEL-3940,CAMEL-SLIDES-3940,12/30/2024 15:37:00,1,Return to Stock
#143583,331887,FM-VENUS-3940,VENUS-SLIDES-3940,04/08/2025 15:05:00,1,Return to Stock
#141558,285834,FM-VENUS-2627,VENUS-SLIDES-2627,12/10/2024 11:13:00,1,Return to Stock
#144523,335831,FM-VENUS-3031,VENUS-SLIDES-3031,05/13/2025 12:01:00,1,Return to Stock
#143145,330052,FM-VENUS-3233,VENUS-SLIDES-3233,03/25/2025 10:07:00,1,Return to Stock
#142789,326546,FM-BLING-3435,BLING-SLIDES-3435,02/19/2025 14:48:00,1,Return to Stock
#142911,328112,FM-BLING-3435,BLING-SLIDES-3435,03/04/2025 16:00:00,1,Return to Stock
#142863,327642,FM-ULTRA-3536,ULTRA-SLIDES-3536,03/20/2025 10:51:00,1,Return to Stock
#143991,333839,FM-WHI-3738,WHITE-SLIDES-3738,05/13/2025 09:22:00,1,Return to Stock
#144369,335373,FM-WHI-3839,WHITE-SLIDES-3839,05/13/2025 10:43:00,1,Return to Stock
#143977,333828,FM-WHI-3940,WHITE-SLIDES-3940,05/07/2025 16:08:00,1,Return to Stock
#143977,333828,FM-WHI-3940,WHITE-SLIDES-3940,05/07/2025 16:12:00,1,Return to Stock
#143291,330872,FM-WHI-3233,WHITE-SLIDES-3233,04/03/2025 15:56:00,1,Return to Stock
#143242,330584,FM-TWI-3738,TWILIGHT-SLIDES-3738,04/11/2025 09:41:00,1,Return to Stock
#144087,334230,FM-TWI-3738,TWILIGHT-SLIDES-3738,05/01/2025 14:57:00,1,Return to Stock
#144792,336820,FM-TWI-3738,TWILIGHT-SLIDES-3738,05/13/2025 12:12:00,1,Return to Stock
#144547,335976,FM-TWI-4142,TWILIGHT-SLIDES-4142,05/13/2025 09:40:00,1,Return to Stock
#143758,332864,FM-TOF-3536,TOFFEE-SLIDES-3536,04/16/2025 15:23:00,1,Return to Stock
#142671,318703,FM-TOF-3637,TOFFEE-SLIDES-3637,02/19/2025 14:51:00,1,Return to Stock
#142849,327252,FM-TOF-3637,TOFFEE-SLIDES-3637,02/25/2025 14:59:00,1,Return to Stock
#144940,337315,FM-TOF-3637,TOFFEE-SLIDES-3637,05/13/2025 12:16:00,1,Return to Stock
#143991,333839,FM-TOF-3738,TOFFEE-SLIDES-3738,05/13/2025 09:22:00,1,Return to Stock
#144223,334857,FM-TOF-3738,TOFFEE-SLIDES-3738,05/13/2025 09:41:00,1,Return to Stock
#143117,329772,FM-TOF-3839,TOFFEE-SLIDES-3839,03/20/2025 10:55:00,1,Return to Stock
#143159,330214,FM-TOF-3839,TOFFEE-SLIDES-3839,04/03/2025 16:00:00,1,Return to Stock
#144462,335687,FM-TOF-3940,TOFFEE-SLIDES-3940,05/13/2025 11:36:00,1,Return to Stock
#143885,333329,FM-TOF-4041,TOFFEE-SLIDES-4041,05/02/2025 13:14:00,1,Return to Stock
#144272,334955,FM-TOF-4647,TOFFEE-SLIDES-4647,05/01/2025 14:58:00,1,Return to Stock
#142518,307016,FM-TOF-2627,TOFFEE-SLIDES-2627,02/18/2025 14:50:00,1,Return to Stock
#142518,307016,FM-TOF-2829,TOFFEE-SLIDES-2829,02/18/2025 14:50:00,1,Return to Stock
#142518,307016,FM-TOF-3233,TOFFEE-SLIDES-3233,02/18/2025 14:50:00,1,Return to Stock
#142930,328559,FM-SIL-3435,SILVERADO-SLIDES-3435,03/07/2025 10:32:00,1,Return to Stock
#143608,332116,FM-SIL-3435,SILVERADO-SLIDES-3435,05/02/2025 13:25:00,1,Return to Stock
#142851,327250,FM-SIL-3536,SILVERADO-SLIDES-3536,03/04/2025 15:53:00,1,Return to Stock
#143608,332116,FM-SIL-3536,SILVERADO-SLIDES-3536,05/02/2025 13:25:00,1,Return to Stock
#143608,332116,FM-SIL-3637,SILVERADO-SLIDES-3637,05/02/2025 13:25:00,1,Return to Stock
#142804,326792,FM-SIL-3839,SILVERADO-SLIDES-3839,02/25/2025 14:55:00,1,Return to Stock
#142345,306398,FM-SND-3435,SANDS-SLIDES-3435,01/14/2025 14:46:00,1,Return to Stock
#143038,329245,FM-SND-3435,SANDS-SLIDES-3435,03/20/2025 10:50:00,1,Return to Stock
#144111,334303,FM-SND-3536,SANDS-SLIDES-3536,05/01/2025 14:59:00,1,Return to Stock
#144699,336365,FM-SND-3637,SANDS-SLIDES-3637,05/13/2025 11:07:00,1,Return to Stock
#143991,333839,FM-SND-3738,SANDS-SLIDES-3738,05/13/2025 09:22:00,1,Return to Stock
#144238,334821,FM-SND-3738,SANDS-SLIDES-3738,05/13/2025 09:47:00,1,Return to Stock
#144238,334821,FM-SND-3839,SANDS-SLIDES-3839,05/13/2025 09:47:00,1,Return to Stock
#141506,285071,FM-SND-3940,SANDS-SLIDES-3940,12/05/2024 15:11:00,1,Return to Stock
#142345,306398,FM-SND-3940,SANDS-SLIDES-3940,01/14/2025 14:46:00,1,Return to Stock
112,327643,FM-PAR-3637,PARMA-SLIDES-3637,03/12/2025 16:14:00,1,Return to Stock
#143838,333150,FM-PAR-3637,PARMA-SLIDES-3637,04/25/2025 11:30:00,1,Return to Stock
#142530,307174,FM-PAR-2829,PARMA-SLIDES-2829,01/23/2025 13:36:00,1,Return to Stock
#143556,331904,FM-NAV-3536,NAVY-SLIDES-3536,04/16/2025 14:39:00,1,Return to Stock
#144247,334831,FM-NAV-3536,NAVY-SLIDES-3536,05/02/2025 15:21:00,1,Return to Stock
#142958,328754,FM-NAV-3940,NAVY-SLIDES-3940,03/12/2025 09:37:00,1,Return to Stock
#143199,330250,FM-NAV-4041,NAVY-SLIDES-4041,03/25/2025 10:13:00,1,Return to Stock
#143136,329989,FM-NAV-4142,NAVY-SLIDES-4142,03/25/2025 09:59:00,1,Return to Stock
#141519,285135,FM-NAV-4243,NAVY-SLIDES-4243,01/23/2025 15:47:00,1,Return to Stock
#143747,332872,FM-NAV-4647,NAVY-SLIDES-4647,05/13/2025 11:34:00,1,Return to Stock
#143619,332111,FM-NAV-2627,NAVY-SLIDES-2627,05/01/2025 12:30:00,1,Return to Stock
#143420,331422,FM-NAV-3031,NAVY-SLIDES-3031,04/01/2025 15:22:00,1,Return to Stock
#143932,333423,FM-LAG-3435,LAGOON-SLIDES-3435,04/16/2025 15:05:00,1,Return to Stock
#144247,334831,FM-LAG-3233,LAGOON-SLIDES-3233,05/02/2025 15:21:00,1,Return to Stock
#143758,332864,FM-KHK-3536,KHAKI-SLIDES-3536,04/16/2025 15:23:00,1,Return to Stock
#142261,305014,FM-KHK-3940,KHAKI-SLIDES-3940,01/23/2025 15:46:00,1,Return to Stock
#142310,306119,FM-KHK-4041,KHAKI-SLIDES-4041,01/14/2025 11:20:00,1,Return to Stock
#143124,329838,FM-KHK-4243,KHAKI-SLIDES-4243,05/02/2025 13:20:00,1,Return to Stock
#144356,335383,FM-KHK-4445,KHAKI-SLIDES-4445,05/13/2025 09:59:00,1,Return to Stock
#141475,284541,FM-KHK-4647,KHAKI-SLIDES-4647,11/26/2024 15:17:00,1,Return to Stock
#144037,333886,FM-FUJ-3738,FUJI-SLIDES,04/16/2025 15:18:00,1,Return to Stock
#143022,329042,FM-CAP-3839,CAPRI-SLIDES-3839,03/26/2025 10:47:00,1,Return to Stock
#141511,285145,FM-BLK-3839,BLACK-SLIDES-3839,11/26/2024 15:22:00,1,Return to Stock
#143093,329535,FM-BLK-3839,BLACK-SLIDES-3839,03/26/2025 11:26:00,1,Return to Stock
#144666,336402,FM-BLK-3839,BLACK-SLIDES-3839,05/13/2025 12:32:00,1,Return to Stock
#144093,334228,FM-BLK-4041,BLACK-SLIDES-4041,05/13/2025 11:30:00,1,Return to Stock
#143657,332437,FM-BLK-4142,BLACK-SLIDES-4142,04/16/2025 15:02:00,1,Return to Stock
#142486,307002,FM-BLK-4243,BLACK-SLIDES-4243,01/14/2025 14:45:00,1,Return to Stock
#142692,319132,FM-BLK-4344,BLACK-SLIDES-4344,03/14/2025 11:29:00,1,Return to Stock
#141519,285135,FM-BLK-4445,BLACK-SLIDES-4445,01/23/2025 15:47:00,1,Return to Stock
#143074,329515,FM-BLK-4546,BLACK-SLIDES-4546,03/25/2025 10:01:00,1,Return to Stock
#141519,285135,FM-BLK-4647,BLACK-SLIDES-4647,01/23/2025 15:47:00,1,Return to Stock
#142184,290765,FM-BLK-2425,BLACK-SLIDES-2425,01/10/2025 09:48:00,1,Return to Stock
#142184,290765,FM-BLK-2627,BLACK-SLIDES-2627,01/10/2025 09:48:00,1,Return to Stock
#142184,290765,FM-BLK-3031,BLACK-SLIDES-3031,01/10/2025 09:48:00,1,Return to Stock
#143087,329523,FM-BLK-3031,BLACK-SLIDES-3031,03/25/2025 09:57:00,1,Return to Stock
#142789,326546,FM-BLK-3233,BLACK-SLIDES-3233,02/19/2025 14:48:00,2,Return to Stock
#141851,287810,FM-KS.OLV-40,KUSH OLIVE-SLIPPERS,01/10/2025 14:56:00,1,Return to Stock
#142379,306471,FM-KS.LTE-38,KUSH LATTE-SLIPPERS,01/10/2025 09:28:00,1,Return to Stock
#142783,326315,FM-KS.LTE-38,KUSH LATTE-SLIPPERS,03/07/2025 10:30:00,1,Return to Stock
#141596,286530,FM-KS.LTE-38,KUSH LATTE-SLIPPERS,03/12/2025 15:06:00,1,Return to Stock
#142816,327058,FM-KS.LTE-39,KUSH LATTE-SLIPPERS,02/21/2025 11:27:00,1,Return to Stock
#143114,329768,FM-KS.LTE-39,KUSH LATTE-SLIPPERS,03/12/2025 10:01:00,1,Return to Stock
#144360,335376,FM-KS.LTE-39,KUSH LATTE-SLIPPERS,05/13/2025 13:44:00,1,Return to Stock
#142438,306780,FM-KS.LTE-40,KUSH LATTE-SLIPPERS,02/13/2025 10:50:00,1,Return to Stock
#142675,318824,FM-KS.LTE-40,KUSH LATTE-SLIPPERS,02/25/2025 15:01:00,2,Return to Stock
#142855,327427,FM-KS.LTE-41,KUSH LATTE-SLIPPERS,02/19/2025 14:53:00,1,Return to Stock
#142677,318822,FM-KS.LTE-41,KUSH LATTE-SLIPPERS,02/25/2025 14:58:00,1,Return to Stock
#142759,323838,FM-KS.JT-38,KUSH JET-SLIPPERS,02/18/2025 14:36:00,1,Return to Stock
#140920,279344,FM-KS.JT-40,KUSH JET-SLIPPERS,11/26/2024 15:20:00,1,Return to Stock
#142446,306836,FM-KS.JT-42,KUSH JET-SLIPPERS,02/18/2025 14:57:00,1,Return to Stock
#142740,323031,FM-APRIGLI-3839,APRICOT GLITTER,03/05/2025 11:23:00,1,Return to Stock
#141593,286372,FM-APRIGLI-3940,APRICOT GLITTER,12/09/2024 15:05:00,1,Return to Stock
#141593,286372,FM-APRIGLI-4041,APRICOT GLITTER,12/09/2024 15:05:00,1,Return to Stock
#143831,333106,FM-APRIGLI-4041,APRICOT GLITTER,05/13/2025 11:07:00,1,Return to Stock
#143395,331189,FM-POPSA-3536,POPLEO SANDS-SLIDES,04/01/2025 15:54:00,1,Return to Stock
#143362,331004,FM-POPSA-3637,POPLEO SANDS-SLIDES,04/11/2025 11:27:00,1,Return to Stock
#143650,332398,FM-FRCBL-3839,FIERCE BLACK-SLIDES,04/16/2025 15:00:00,1,Return to Stock
#144407,335512,FM-FRCBL-3940,FIERCE BLACK-SLIDES,05/13/2025 13:29:00,1,Return to Stock
#143450,331556,FM-PZBLK-3536,PAZ BLACK-SLIDES,04/11/2025 11:19:00,1,Return to Stock
#143418,331420,FM-PZBLK-3738,PAZ BLACK,04/11/2025 11:24:00,1,Return to Stock
#143933,333424,FM-PZBLK-3738,PAZ BLACK,04/25/2025 11:17:00,1,Return to Stock
#144411,335520,FM-PZSND-3637,PAZ SANDS,05/01/2025 15:15:00,1,Return to Stock
#143571,331869,FM-PZSND-3738,PAZ SANDS,04/11/2025 10:56:00,1,Return to Stock
#142454,306844,FM-PZSND-3940,PAZ SANDS,02/18/2025 15:06:00,1,Return to Stock
#143657,332437,FM-PZSND-3940,PAZ SANDS,04/16/2025 15:02:00,1,Return to Stock
#144921,337365,FM-PZSND-3940,PAZ SANDS,05/13/2025 11:05:00,1,Return to Stock
#143839,333151,FM-PZSND-4041,PAZ SANDS,04/11/2025 11:30:00,1,Return to Stock
#144056,333967,FM-PZSND-4142,PAZ SANDS,05/01/2025 15:18:00,1,Return to Stock
#143669,332449,FM-PZAUR-3435,PAZ AURA-SLIDES,04/08/2025 15:08:00,1,Return to Stock
#141606,286674,FM-PZAUR-3637,PAZ AURA,12/12/2024 15:58:00,1,Return to Stock
#141495,284933,FM-PZAUR-3637,PAZ AURA,03/12/2025 16:17:00,1,Return to Stock
#143109,329728,FM-PZAUR-3637,PAZ AURA,03/14/2025 11:07:00,1,Return to Stock
#143174,330233,FM-KFBLK-3637,KIEFF BLACK-CLOGS,04/03/2025 15:53:00,1,Return to Stock
#144563,336049,FM-KFBLK-3738,KIEFF BLACK-CLOGS,05/13/2025 09:16:00,1,Return to Stock
#144291,335075,FM-KFBLK-3839,KIEFF BLACK-CLOGS,05/01/2025 12:36:00,1,Return to Stock
#143671,332446,FM-KFBLK-3839,KIEFF BLACK-CLOGS,05/02/2025 13:16:00,1,Return to Stock
#144824,337004,FM-KFBLK-3839,KIEFF BLACK-CLOGS,05/13/2025 11:16:00,1,Return to Stock
#142454,306844,FM-KFBLK-3940,KIEFF BLACK-CLOGS,02/18/2025 15:06:00,1,Return to Stock
#143600,332124,FM-KFBLK-4041,KIEFF BLACK-CLOGS,04/16/2025 14:43:00,1,Return to Stock
#143874,333278,FM-KFBLK-4243,KIEFF BLACK-CLOGS,04/17/2025 11:49:00,1,Return to Stock
#143282,330834,FM-KFBLK-4445,KIEFF BLACK-CLOGS,03/26/2025 10:45:00,1,Return to Stock
#143335,331083,FM-KFSND-3637,KIEFF SANDS,03/25/2025 10:05:00,1,Return to Stock
#143242,330584,FM-KFSND-3738,KIEFF SANDS,04/11/2025 09:41:00,1,Return to Stock
#143979,333833,FM-KFSND-3738,KIEFF SANDS,05/13/2025 11:34:00,1,Return to Stock
#143479,331727,FM-KFSND-3839,KIEFF SANDS-CLOGS,04/08/2025 15:19:00,1,Return to Stock
#143943,333695,FM-KFSND-3839,KIEFF SANDS-CLOGS,05/07/2025 16:01:00,1,Return to Stock
#143638,332310,FM-KFSND-4041,KIEFF SANDS,04/11/2025 09:54:00,1,Return to Stock
#143432,331488,FM-KFSND-4041,KIEFF SANDS,04/16/2025 14:45:00,1,Return to Stock
#144160,334591,FM-KFSND-4142,KIEFF SANDS,05/09/2025 15:22:00,1,Return to Stock
#144398,335531,FM-KFSND-4142,KIEFF SANDS,05/13/2025 09:28:00,1,Return to Stock
#144250,334834,FM-KFSND-4243,KIEFF SANDS-SLIDES,05/13/2025 09:35:00,1,Return to Stock
#144618,336395,FM-KFSND-4243,KIEFF SANDS-SLIDES,05/13/2025 11:21:00,1,Return to Stock
#144125,334390,FM-APR-3940,APRICOT,05/13/2025 11:51:00,1,Return to Stock
#141978,288485,FM-KFAPR-3435,KIEFF APRICOT-CLOGS,03/12/2025 14:47:00,1,Return to Stock
#143421,331423,FM-KFAPR-3637,KIEFF APRICOT-CLOGS,04/11/2025 10:44:00,1,Return to Stock
#143919,333449,FM-KFAPR-3637,KIEFF APRICOT-CLOGS,04/25/2025 16:11:00,1,Return to Stock
#143573,331866,FM-KFAPR-3839,KIEFF APRICOT-CLOGS,04/08/2025 15:10:00,1,Return to Stock
#144048,333959,FM-KFAPR-4041,KIEFF APRICOT-CLOGS,05/01/2025 15:01:00,1,Return to Stock
#143617,332109,FM-KFSVD-3536,KIEFF SILVERADO-CLOGS,04/23/2025 11:02:00,1,Return to Stock
#144783,336808,FM-KFSVD-3738,KIEFF SILVERADO-CLOGS,05/13/2025 11:12:00,1,Return to Stock
#143966,333819,FM-KFSVD-3839,KIEFF SILVERADO-CLOGS,04/23/2025 11:01:00,1,Return to Stock
#144113,334305,FM-KFAUR-3738,KIEFF AURA-CLOGS,05/13/2025 12:24:00,1,Return to Stock
#143468,331654,FM-KFSTN-3839,KIEFF STONE 3839,04/02/2025 14:49:00,1,Return to Stock
#143461,331602,FM-KFSTN-3839,KIEFF STONE 3839,04/08/2025 15:00:00,1,Return to Stock
#143397,331257,FM-KFSTN-3839,KIEFF STONE 3839,05/01/2025 15:19:00,1,Return to Stock
#142533,307231,FM-NILI-3738,NILI-SLIDES,02/18/2025 14:32:00,1,Return to Stock
#144816,336997,FM-NILI-3738,NILI-SLIDES,05/13/2025 11:58:46,1,Return to Stock
#143147,330047,FM-KFSTN-3738,KIEFF STONE 3738,04/01/2025 15:59:00,1,Return to Stock
#143456,331609,FM-KFSTN-3738,KIEFF STONE 3738,04/01/2025 16:06:00,1,Return to Stock
#143679,332577,FM-KFSTN-3738,KIEFF STONE 3738,04/11/2025 10:53:00,1,Return to Stock
#144199,334779,FM-KFSTN-3738,KIEFF STONE 3738,05/13/2025 13:41:00,1,Return to Stock
#142822,327116,FM-NILI-3839,NILI-SLIDES,02/25/2025 14:57:00,1,Return to Stock
#144461,335686,FM-NILI-3839,NILI-SLIDES,05/13/2025 13:25:00,1,Return to Stock
#144267,334940,FM-KFSTN-4243,KIEFF STONE,05/01/2025 15:07:00,1,Return to Stock
#142025,290763,FM-KHK-4344,KHAKI-SLIDES-4344,01/02/2025 14:34:00,1,Return to Stock
#144356,335383,FM-KHK-4344,KHAKI-SLIDES-4344,05/13/2025 09:59:00,1,Return to Stock
#141515,285150,FM-ST.BLK-40,SATIVA BLACK-BOOTS,03/12/2025 15:48:00,1,Return to Stock
#141613,286962,FM-KS.ROS-38,KUSH ROSE-SLIPPERS,03/12/2025 15:01:00,1,Return to Stock
#141612,286958,FM-KS.ROS-39,KUSH ROSE-SLIPPERS,03/12/2025 15:59:00,1,Return to Stock
#142577,307732,FM-KS.CRM-35,KUSH CARAMEL-SLIPPERS,02/18/2025 15:02:00,1,Return to Stock
#143011,328992,FM-KS.CRM-38,KUSH CARAMEL-SLIPPERS,03/25/2025 10:10:00,1,Return to Stock
#141541,285581,FM-KS.CRM-39,KUSH CARAMEL-SLIPPERS,03/12/2025 15:32:00,1,Return to Stock
#143189,330228,FM-KS.CRM-39,KUSH CARAMEL-SLIPPERS,04/01/2025 15:49:00,1,Return to Stock
#141575,286012,FM-KS.CRM-40,KUSH CARAMEL-SLIPPERS,11/26/2024 15:15:00,1,Return to Stock
#142115,290319,FM-KS.CRM-40,KUSH CARAMEL-SLIPPERS,01/14/2025 14:48:00,1,Return to Stock
#142885,328008,FM-KS.CRM-40,KUSH CARAMEL-SLIPPERS,03/04/2025 16:07:00,1,Return to Stock
#142461,306830,FM-KS.CRM-40,KUSH CARAMEL-SLIPPERS,03/12/2025 15:28:00,1,Return to Stock
#141541,285581,FM-KS.CRM-40,KUSH CARAMEL-SLIPPERS,03/12/2025 15:32:00,1,Return to Stock
#141745,287659,FM-KS.CRM-43,KUSH CARAMEL-SLIPPERS,01/10/2025 15:03:00,1,Return to Stock
#142559,307727,FM-KS.CRM-43,KUSH CARAMEL-SLIPPERS,01/23/2025 15:39:00,1,Return to Stock
#141932,287887,FM-BU.WLD-34,BUBBA WILD-SLIPPERS,12/31/2024 10:37:00,1,Return to Stock
#141483,284766,FM-BU.WLD-38,BUBBA WILD-SLIPPERS,11/26/2024 15:12:00,1,Return to Stock
#141851,287810,FM-BU.WLD-39,BUBBA WILD-SLIPPERS,01/10/2025 14:56:00,1,Return to Stock
#144563,336049,FM-BU.WLD-39,BUBBA WILD-SLIPPERS,05/13/2025 09:16:00,1,Return to Stock
#141539,285440,FM-BU.WLD-40,BUBBA WILD-SLIPPERS,12/31/2024 11:02:00,1,Return to Stock
#141723,287611,FM-BU.WLD-42,BUBBA WILD-SLIPPERS,12/31/2024 10:38:00,1,Return to Stock
#143422,331424,FM-BU.LTE-38,BUBBA LATTE-SLIPPERS,04/16/2025 14:47:00,1,Return to Stock
#142429,306709,FM-BU.LTE-40,BUBBA LATTE-SLIPPERS,01/14/2025 11:21:00,1,Return to Stock
#142313,306121,FM-BU.LTE-40,BUBBA LATTE-SLIPPERS,01/15/2025 14:59:00,1,Return to Stock
#141932,287887,FM-BU.HDR-37,BUBBA HYDRA-SLIPPERS,12/31/2024 10:37:00,1,Return to Stock
#141549,285705,FM-BU.HDR-37,BUBBA HYDRA-SLIPPERS,01/10/2025 14:54:00,1,Return to Stock
#141606,286674,FM-BU.HDR-38,BUBBA HYDRA-SLIPPERS,12/12/2024 15:58:00,1,Return to Stock
#141495,284933,FM-BU.HDR-38,BUBBA HYDRA-SLIPPERS,03/12/2025 16:17:00,1,Return to Stock
#142327,306419,FM-BU.BLK-39,BUBBA BLACK-SLIPPERS,01/10/2025 09:46:00,1,Return to Stock
#142885,328008,FM-BU.BLK-40,BUBBA BLACK-SLIPPERS,03/04/2025 16:07:00,1,Return to Stock
#143043,329320,FM-BU.BLK-42,BUBBA BLACK-SLIPPERS,03/07/2025 10:28:00,1,Return to Stock
#141808,287967,FM-EV.BLK-37,EVU BLACK-SLIDES,12/12/2024 15:43:00,1,Return to Stock
#144360,335376,FM-EV.BLK-39,EVU BLACK-SLIDES,05/13/2025 13:44:00,1,Return to Stock
#143232,330519,FM-EV.BLK-40,EVU BLACK-SLIDES,03/27/2025 15:11:00,1,Return to Stock
#142583,307843,FM-EV.BLK-40,EVU BLACK-SLIDES,04/11/2025 09:37:00,1,Return to Stock
#141606,286674,FM-EV.CRM-37,EVU CARAMEL-SLIDES,12/12/2024 15:58:00,1,Return to Stock
#141495,284933,FM-EV.CRM-37,EVU CARAMEL-SLIDES,03/12/2025 16:17:00,1,Return to Stock
#143181,330240,FM-EV.CRM-39,EVU CARAMEL-SLIDES,03/20/2025 10:53:00,1,Return to Stock
#142237,302262,FM-EV.CRM-40,EVU CARAMEL-SLIDES,01/10/2025 09:36:00,1,Return to Stock
#142730,319390,FM-EV.CRM-40,EVU CARAMEL-SLIDES,02/19/2025 14:46:00,1,Return to Stock
#142627,314419,FM-EV.CRM-40,EVU CARAMEL-SLIDES,05/13/2025 09:54:00,1,Return to Stock
#142791,326543,FM-EV.-BON-38,EVU BONBON-SLIDES,02/19/2025 14:43:00,1,Return to Stock
#142995,328831,FM-EV.-BON-38,EVU BONBON-SLIDES,03/12/2025 09:51:00,1,Return to Stock
#144407,335512,FM-EV.-BON-41,EVU BONBON-SLIDES,05/13/2025 13:29:00,1,Return to Stock
#142475,306990,FM-EV.LTE-38,EVU LATTE-SLIDES,02/18/2025 14:44:00,1,Return to Stock
#142567,307713,FM-EV.LTE-40,EVU LATTE-SLIDES,02/18/2025 14:46:00,1,Return to Stock
#143099,329725,FM-EV.LTE-40,EVU LATTE-SLIDES,03/14/2025 11:26:00,1,Return to Stock
#144819,337000,FM-EV.LTE-40,EVU LATTE-SLIDES,05/13/2025 11:01:00,1,Return to Stock
#143520,331934,FM-KS.GRY-39,KUSH GREY-SLIPPERS,04/16/2025 15:13:00,1,Return to Stock
#142907,327998,FM-KS.GRY-45,KUSH GREY-SLIPPERS,03/12/2025 09:40:00,1,Return to Stock
#142577,307732,FM-KS.LEO-36,KUSH LEO-SLIPPERS,02/18/2025 15:02:00,1,Return to Stock
#142828,327264,FM-KS.JT-45,KUSH JET-SLIPPERS,03/14/2025 11:24:00,1,Return to Stock
#142454,306844,FM-KFSTN-3940,FM-KFSTN-3940,02/18/2025 15:06:00,1,Return to Stock
#143581,331878,FM-KFSTN-3940,FM-KFSTN-3940,04/08/2025 15:22:00,1,Return to Stock
#143846,333239,FM-KFSTN-3940,FM-KFSTN-3940,04/25/2025 16:09:00,1,Return to Stock
#143866,333217,FM-KFSTN-3940,FM-KFSTN-3940,05/01/2025 15:03:00,1,Return to Stock
#143396,331256,FM-HGRSA-3839,HIGH ROSA-SLIDES,04/11/2025 09:52:00,1,Return to Stock
#144010,333861,FM-FUCHGT-2627,FUCHSIAGLIT-SLIDES,05/02/2025 13:18:00,1,Return to Stock
#144538,335982,FM-ORCHGT-3233,ORCHIGLIT-SLIDES,05/13/2025 11:13:00,1,Return to Stock
#143928,333434,FM-PZALC-3738,PAZ ALICE-SLIDES,05/02/2025 15:17:00,1,Return to Stock
#143928,333434,FM-PZALC-3839,PAZ ALICE-SLIDES,05/02/2025 15:17:00,1,Return to Stock
#144409,335519,FM-KFALC-3637,KIEFF ALICE-CLOGS,05/02/2025 13:22:00,1,Return to Stock
#143555,331903,FM-KFALC-3738,KIEFF ALICE-CLOGS,04/03/2025 16:04:00,1,Return to Stock
#144113,334305,FM-KFALC-3738,KIEFF ALICE-CLOGS,05/13/2025 12:24:00,1,Return to Stock
#143955,333815,FM-KFALC-3839,KIEFF ALICE-CLOGS,05/13/2025 09:31:00,1,Return to Stock
#143581,331878,FM-KFALC-3940,KIEFF ALICE-CLOGS,04/08/2025 15:22:00,1,Return to Stock
#143558,331906,FM-KFALC-4041,KIEFF ALICE-CLOGS,04/11/2025 09:49:00,1,Return to Stock
#144715,336357,FM-KFALC-4041,KIEFF ALICE-CLOGS,05/13/2025 11:37:00,1,Return to Stock
#143316,331077,FM-SRPBK-3738,SERPANT BLACK-SLIDES,04/16/2025 14:55:00,1,Return to Stock
#143674,332566,FM-SRPBK-3839,SERPANT BLACK-SLIDES,04/08/2025 15:16:00,1,Return to Stock
#143675,332563,FM-SRPBK-3839,SERPANT BLACK-SLIDES,04/23/2025 11:04:00,1,Return to Stock
#143936,333427,FM-ILVST-3940,I LUV-SLIDES,05/13/2025 11:53:00,1,Return to Stock
#143675,332563,FM-FUJ-4142,FUJI-SLIDES,04/23/2025 11:04:00,1,Return to Stock
#144320,335229,FM-FUJ-4142,FUJI-SLIDES,05/13/2025 12:21:00,1,Return to Stock
#143858,333231,FM-PRBL-3839,FM-PRBL-3839,04/16/2025 14:57:00,1,Return to Stock
#144595,336127,FM-HGANG-3839,FM-HGANG-3839,05/13/2025 09:09:00,1,Return to Stock
#144617,336394,FM-HGANG-3637,FM-HGANG-3637,05/13/2025 11:47:00,1,Return to Stock
#143278,330818,FM-HGSND-3637,FM-HGSND-3637,03/26/2025 10:51:00,1,Return to Stock
#143555,331903,FM-HGSND-3738,FM-HGSND-3738,04/03/2025 16:04:00,1,Return to Stock
#144429,335504,FM-HGSND-3738,FM-HGSND-3738,05/13/2025 13:14:00,1,Return to Stock
#143242,330584,FM-PZTOF-3738,FM-PZTOF-3738,04/11/2025 09:41:00,1,Return to Stock
#143514,331939,FM-PZTOF-3738,FM-PZTOF-3738,04/11/2025 11:39:00,1,Return to Stock
#143731,332837,FM-PZTOF-3738,FM-PZTOF-3738,04/16/2025 15:08:00,1,Return to Stock
#143929,333430,FM-PZTOF-3738,FM-PZTOF-3738,05/02/2025 15:19:00,1,Return to Stock
#143929,333430,FM-PZTOF-3839,FM-PZTOF-3839,05/02/2025 15:19:00,1,Return to Stock
#144369,335373,FM-PZTOF-3839,FM-PZTOF-3839,05/13/2025 10:43:00,1,Return to Stock
#143903,333341,FM-PZTOF-3839,FM-PZTOF-3839,05/13/2025 11:54:00,1,Return to Stock
#144705,336371,FM-PZTOF-3839,FM-PZTOF-3839,05/13/2025 12:08:00,1,Return to Stock
#143754,332862,FM-HGBLK-3839,FM-HGBLK-3839,05/01/2025 15:05:00,1,Return to Stock
#144529,335884,FM-HGANG-3940,FM-HGANG-3940,05/13/2025 09:34:00,1,Return to Stock
#143709,332717,FM-HGANG-4041,FM-HGANG-4041,04/23/2025 10:55:00,1,Return to Stock
#143809,332832,FM-HGSND-3839,FM-HGSND-3839,04/11/2025 09:24:00,1,Return to Stock
#144139,334520,FM-HGSND-4041,FM-HGSND-4041,05/09/2025 15:33:00,1,Return to Stock
#144033,333882,FM-HGSLV-3839,FM-HGSLV-3839,05/13/2025 12:36:00,1,Return to Stock
#143278,330818,FM-KFTOF-3637,FM-KFTOF-3637,03/26/2025 10:51:00,1,Return to Stock
#143446,331551,FM-KFTOF-3637,FM-KFTOF-3637,04/16/2025 14:51:00,1,Return to Stock
#143288,330827,FM-KFTOF-3738,FM-KFTOF-3738,04/01/2025 15:25:00,1,Return to Stock
#143202,330300,FM-KFTOF-3839,FM-KFTOF-3839,04/01/2025 15:32:00,1,Return to Stock
#143321,331062,FM-KFTOF-3839,FM-KFTOF-3839,04/01/2025 15:35:00,1,Return to Stock
#143542,331900,FM-PZTOF-4041,FM-PZTOF-4041,04/11/2025 11:26:00,1,Return to Stock
#144048,333959,FM-PZTOF-4041,FM-PZTOF-4041,05/01/2025 15:01:00,1,Return to Stock
#144017,333877,FM-PRTOF-3839,FM-PRTOF-3839,04/25/2025 11:27:00,1,Return to Stock
#143464,331600,FM-PRTOF-3940,FM-PRTOF-3940,04/08/2025 15:11:00,1,Return to Stock
#143880,333327,FM-PRTOF-3940,FM-PRTOF-3940,05/13/2025 12:29:00,1,Return to Stock
#143286,330831,FM-RGAL-3637,FM-RGAL-3637,04/16/2025 14:35:00,1,Return to Stock
#143286,330831,FM-RGGL-3637,FM-RGGL-3637,04/16/2025 14:35:00,1,Return to Stock
#3418,347232,ANB-US23-1000,Annabella full kit USA,09/16/2025 15:16:00,1,Return to Stock
#3200,337675,ACC-CHR-300,US Charger X1,05/08/2025 15:13:00,1,Return to Stock
#3371,343562,ACC-SCK-401,Vacuum Seal Housing,09/04/2025 10:06:00,2,Return to Stock
#2839,326848,ACC-SCK-402,VACUUM SEAL & DUCKBILL VALVE,03/07/2025 10:15:00,2,Return to Stock
#3200,337675,ACC-SCK-500,Annabella Bottles x2,05/08/2025 15:13:00,5,Return to Stock
#2528,288240,ACC-SCK-510,Annabella Breast Shield X 1,01/02/2025 14:39:00,1,Return to Stock
#2581,289334,ACC-SCK-520,Annabella Breast Shield 27 mm,01/02/2025 14:41:00,1,Return to Stock
#3147,335640,ACC-SCK-520,Annabella Breast Shield 27 mm,05/07/2025 14:44:00,2,Return to Stock
#3202,337731,ACC-SCK-520,Annabella Breast Shield 27 mm,06/25/2025 14:42:00,1,Return to Stock
#2581,289334,ACC-SCK-910,Annabella breast-pump bottle holder,01/02/2025 14:41:00,1,Return to Stock
#3202,337731,ACC-SCK-910,Annabella breast-pump bottle holder,06/25/2025 14:42:00,2,Return to Stock
#2364,283416,ACC-BRA-700,Annabella Hands Free Pumping Bra,01/02/2025 14:42:00,1,Return to Stock
#2563,288588,ACC-BRA-700,Annabella Hands Free Pumping Bra,01/14/2025 14:43:00,1,Return to Stock
#2521,287636,ACC-BRA-700,Annabella Hands Free Pumping Bra,01/24/2025 15:33:00,1,Return to Stock
#2602,289979,ACC-BRA-700,Annabella Hands Free Pumping Bra,01/24/2025 15:36:00,1,Return to Stock
#2617,297288,ACC-BRA-700,Annabella Hands Free Pumping Bra,02/13/2025 10:09:00,1,Return to Stock
#2781,319321,ACC-BRA-700,Annabella Hands Free Pumping Bra,02/24/2025 14:40:00,1,Return to Stock
#3493,347098,ACC-BRA-700,Annabella Hands Free Pumping Bra,08/27/2025 10:55:00,1,Return to Stock
#3427,345749,ACC-BRA-700,Annabella Hands Free Pumping Bra,09/04/2025 10:01:00,1,Return to Stock
#3379,343982,ACC-BRA-700,Annabella Hands Free Pumping Bra,09/04/2025 10:03:00,1,Return to Stock
#3379,343982,ACC-BRA-700,Annabella Hands Free Pumping Bra,09/04/2025 10:03:00,1,Return to Stock
#3437,346205,ACC-BRA-700,Annabella Hands Free Pumping Bra,09/04/2025 10:07:00,1,Return to Stock
#2815,325308,ACC-BRA-700,Annabella Hands Free Pumping Bra,03/11/2025 11:39:00,2,Return to Stock
#3075,332723,ACC-BRA-700,Annabella Hands Free Pumping Bra,05/07/2025 14:35:00,1,Return to Stock
#3147,335640,ACC-BRA-700,Annabella Hands Free Pumping Bra,05/07/2025 14:44:00,1,Return to Stock
#3200,337675,ACC-BRA-700,Annabella Hands Free Pumping Bra,05/08/2025 15:13:00,2,Return to Stock
#3157,336003,ACC-BRA-700,Annabella Hands Free Pumping Bra,05/22/2025 15:30:00,1,Return to Stock
#3450,346544,ACC-BRA-700,Annabella Hands Free Pumping Bra,08/22/2025 15:33:00,1,Return to Stock
#3200,337675,ACC-MCC-701,Annabella Milk Collection Cup,05/08/2025 15:13:00,2,Return to Stock
#2563,288588,ACC-MBA-702,Annabella Milk Bag,01/14/2025 14:43:00,1,Return to Stock
#2617,297288,ACC-MBA-702,Annabella Milk Bag,02/13/2025 10:09:00,1,Return to Stock
#2815,325308,ACC-MBA-702,Annabella Milk Bag,03/11/2025 11:39:00,1,Return to Stock
#3147,335640,ACC-MBA-702,Annabella Milk Bag,05/07/2025 14:44:00,1,Return to Stock
#3200,337675,ACC-MBA-702,Annabella Milk Bag,05/08/2025 15:13:00,1,Return to Stock
#3157,336003,ACC-MBA-702,Annabella Milk Bag,05/22/2025 15:30:00,1,Return to Stock
#3450,346544,ACC-MBA-702,Annabella Milk Bag,08/22/2025 15:33:00,1,Return to Stock
#2581,289334,ACC-BAG-700,Annabella Breast pump bag with Cooler label,01/02/2025 14:41:00,1,Return to Stock
#2364,283416,ADO-US23-1000,(Current) Annabella Double electric pump,01/02/2025 14:42:00,1,Return to Stock
#2563,288588,ADO-US23-1000,(Current) Annabella Double electric pump,01/14/2025 14:43:00,1,Return to Stock
#2521,287636,ADO-US23-1000,(Current) Annabella Double electric pump,01/24/2025 15:33:00,1,Return to Stock
#2602,289979,ADO-US23-1000,(Current) Annabella Double electric pump,01/24/2025 15:36:00,1,Return to Stock
#2697,307949,ADO-US23-1000,(Current) Annabella Double electric pump,02/10/2025 14:56:00,1,Return to Stock
#2698,307965,ADO-US23-1000,(Current) Annabella Double electric pump,02/14/2025 11:26:00,1,Return to Stock
#3543,348336,ADO-US23-1000,(Current) Annabella Double electric pump,09/04/2025 10:08:00,1,Return to Stock
#3157,336003,ADO-US23-1000,(Current) Annabella Double electric pump,05/22/2025 15:30:00,1,Return to Stock
#3450,346544,ADO-US23-1000,(Current) Annabella Double electric pump,08/22/2025 15:33:00,1,Return to Stock
#3493,347098,ADO-US23-1000,(Current) Annabella Double electric pump,08/27/2025 10:55:00,1,Return to Stock
#3427,345749,ADO-US23-1000,(Current) Annabella Double electric pump,09/04/2025 10:01:00,1,Return to Stock
#3379,343982,ADO-US23-1000,(Current) Annabella Double electric pump,09/04/2025 10:03:00,1,Return to Stock
#3437,346205,ADO-US23-1000,(Current) Annabella Double electric pump,09/04/2025 10:07:00,1,Return to Stock
#2770,319144,ADO-US23-1000,(Current) Annabella Double electric pump,02/24/2025 14:39:00,1,Return to Stock
#2781,319321,ADO-US23-1000,(Current) Annabella Double electric pump,02/24/2025 14:40:00,1,Return to Stock
#3075,332723,ADO-US23-1000,(Current) Annabella Double electric pump,05/07/2025 14:35:00,1,Return to Stock
#3147,335640,ADO-US23-1000,(Current) Annabella Double electric pump,05/07/2025 14:44:00,1,Return to Stock
#3200,337675,ADO-US23-1000,(Current) Annabella Double electric pump,05/08/2025 15:13:00,1,Return to Stock
#2617,297288,ACC-PMP-420,"Pump Clip
",02/13/2025 10:09:00,1,Return to Stock
#2815,325308,ACC-PMP-420,"Pump Clip
",03/11/2025 11:39:00,1,Return to Stock
#3147,335640,ACC-PMP-420,"Pump Clip
",05/07/2025 14:44:00,1,Return to Stock
#3202,337731,ACC-PMP-420,"Pump Clip
",06/25/2025 14:42:00,1,Return to Stock
#3543,348336,ACC-PMP-420,"Pump Clip
",09/04/2025 10:08:00,1,Return to Stock
#3147,335640,ACC-BAG-701,ACC-BAG-700 dubble device,05/07/2025 14:44:00,1,Return to Stock
#3200,337675,ACC-BAG-701,ACC-BAG-700 dubble device,05/08/2025 15:13:00,1,Return to Stock
#3379,343982,ACC-BAG-701,ACC-BAG-700 dubble device,09/04/2025 10:03:00,1,Return to Stock
#3450,346544,ACC-NRP-705,Annabella Nursing pads,08/22/2025 15:33:00,1,Return to Stock
321,285385,5G-8SBH-4CG5,Blue 6 inch steel tongue drum,01/09/2025 11:32:00,2,Return to Stock
321,285385,4R-0YK9-0T83,Black 6 inch steel tongue drum,01/09/2025 11:32:00,2,Return to Stock
87,341239,XBHPGA2024,Xander Bobble Head Figure Set ,07/08/2025 11:29:00,1,Return to Stock
87,341239,6432061123023,Callaway™ Chrome Tour Truvis Balls - Xander Edition (Pack of 12 Balls),07/08/2025 11:29:00,1,Return to Stock
15,329959,GM_NF_BROWN,Grounding mat pattern -brown,03/20/2025 09:37:00,1,Return to Stock
15,329959,GMB_QUEEN,Grounding mat bed -queen,03/20/2025 09:37:00,1,Return to Stock
15,329959,GM_SLD_BLACK,Grounding mat solid - black,03/20/2025 09:37:00,1,Return to Stock
